name;number;set;warehouse_code;price;image;variant;sold;added_at
Energy Search Pro;176;Surging Sparks;K100R1P0175;9.58;https://sklep839679.shoparena.pl/upload/images/2/img1523.jpg;common;;2025-09-04
Precious Trolley;185;Surging Sparks;K100R1P0176;13.35;https://sklep839679.shoparena.pl/upload/images/2/img1524.jpg;common;;2025-09-04
Miracle Headset;183;Surging Sparks;K100R1P0177;3.66;https://sklep839679.shoparena.pl/upload/images/2/img1525.jpg;common;;2025-09-04
Alolan Exeggutor ex;133;Surging Sparks;K100R1P0178;4.09;https://sklep839679.shoparena.pl/upload/images/2/img1526.jpg;common;;2025-09-04
Black Kyurem ex;48;Surging Sparks;K100R1P0179;3.62;https://sklep839679.shoparena.pl/upload/images/2/img1527.jpg;common;;2025-09-04
Scovillain ex;37;Surging Sparks;K100R1P0183;2.88;https://sklep839679.shoparena.pl/upload/images/2/img1528.jpg;common;;2025-09-04
Slaking ex;147;Surging Sparks;K100R1P0184;3.14;https://sklep839679.shoparena.pl/upload/images/2/img1529.jpg;common;;2025-09-04
Scramble Switch;186;Surging Sparks;K100R1P0185;3.66;https://sklep839679.shoparena.pl/upload/images/2/img1530.jpg;common;;2025-09-04
Megaton Blower;182;Surging Sparks;K100R1P0186;3.19;https://sklep839679.shoparena.pl/upload/images/2/img1531.jpg;common;;2025-09-04
Scramble Switch;186;Surging Sparks;K100R1P0187;3.66;https://sklep839679.shoparena.pl/upload/images/2/img1532.jpg;common;;2025-09-04
Miracle Headset;183;Surging Sparks;K100R1P0188;3.66;https://sklep839679.shoparena.pl/upload/images/2/img1533.jpg;common;;2025-09-04
Brilliant Blender;164;Surging Sparks;K100R1P0189;7.96;https://sklep839679.shoparena.pl/upload/images/2/img1534.jpg;common;;2025-09-04
Scramble Switch;186;Surging Sparks;K100R1P0190;3.66;https://sklep839679.shoparena.pl/upload/images/2/img1535.jpg;common;;2025-09-04
Amulet of Hope;162;Surging Sparks;K100R1P0191;3.25;https://sklep839679.shoparena.pl/upload/images/2/img1536.jpg;common;;2025-09-04
Black Kyurem;48;Surging Sparks;K100R1P0192;3.62;https://sklep839679.shoparena.pl/upload/images/2/img1537.jpg;common;1;2025-09-04
Ceruledge ex;36;Surging Sparks;K100R1P0193;8.27;https://sklep839679.shoparena.pl/upload/images/2/img1538.jpg;common;;2025-09-04
Durant ex;4;Surging Sparks;K100R1P0194;3.15;https://sklep839679.shoparena.pl/upload/images/2/img1539.jpg;common;;2025-09-04
Tatsugiri ex;142;Surging Sparks;K100R1P0195;3.15;https://sklep839679.shoparena.pl/upload/images/2/img1540.jpg;common;;2025-09-04
Latias ex;76;Surging Sparks;K100R1P0196;32.45;https://sklep839679.shoparena.pl/upload/images/2/img1541.jpg;common;;2025-09-04
Palafin;124;Paldean Fates;K100R1P0197;12.88;https://sklep839679.shoparena.pl/upload/images/2/img1542.jpg;common;;2025-09-04
Weavile;183;Paldean Fates;K100R1P0198;15.39;https://sklep839679.shoparena.pl/upload/images/2/img1543.jpg;common;;2025-09-04
Sandy Shocks ex;228;Paradox Rift;K100R1P0199;11.88;https://sklep839679.shoparena.pl/upload/images/2/img1544.jpg;common;;2025-09-04
Haxorus;111;BREAKthrough;K100R1P0200;18.32;https://sklep839679.shoparena.pl/upload/images/2/img1545.jpg;holo;;2025-09-04
Thievul;82;Shining Fates;K100R1P0201;10.99;https://sklep839679.shoparena.pl/upload/images/2/img1546.jpg;common;;2025-09-04
Rotom V;58;Lost Origin;K100R1P0202;3.66;https://sklep839679.shoparena.pl/upload/images/2/img1559.jpg;common;;2025-09-04
Infernape V;252;SWSH Black Star Promos;K100R1P0203;6.28;https://sklep839679.shoparena.pl/upload/images/2/img1560.jpg;common;;2025-09-04
Drapion V;118;Lost Origin;K100R1P0190;2.93;https://sklep839679.shoparena.pl/upload/images/2/img1561.jpg;common;;2025-09-04
Zamazenta VSTAR;99;Crown Zenith;K100R1P0191;10.99;https://sklep839679.shoparena.pl/upload/images/2/img1562.jpg;common;;2025-09-04
Atticus;134;Prismatic Evolutions;K100R1P0192;4.71;https://sklep839679.shoparena.pl/upload/images/2/img1563.jpg;common;1;2025-09-04
Deluxe Bomb;134;Stellar Crown;K100R1P0193;1.73;https://sklep839679.shoparena.pl/upload/images/2/img1564.jpg;common;;2025-09-04
Scramble Switch;186;Surging Sparks;K100R1P0194;3.66;https://sklep839679.shoparena.pl/upload/images/2/img1565.jpg;common;;2025-09-04
Maschiff;71;SVP Black Star Promos;K100R1P0195;2.15;https://sklep839679.shoparena.pl/upload/images/2/img1566.jpg;common;;2025-09-04
Origin Forme Dialga V;113;Astral Radiance;K100R1P0200;7.28;https://sklep839679.shoparena.pl/upload/images/2/img1567.jpg;common;;2025-09-05
Winona;96;Roaring Skies;K100R1P0201;6.30;https://sklep839679.shoparena.pl/upload/images/2/img1568.jpg;reverse;;2025-09-05
Shrine of Memories;139;Primal Clash;K100R1P0202;7.14;https://sklep839679.shoparena.pl/upload/images/2/img1569.jpg;reverse;;2025-09-05
Glalie Spirit Link;139;BREAKthrough;K100R1P0203;2.94;https://sklep839679.shoparena.pl/upload/images/2/img1570.jpg;reverse;;2025-09-05
Dodrio;117;BREAKthrough;K100R1P0204;10.47;https://sklep839679.shoparena.pl/upload/images/2/img1571.jpg;reverse;;2025-09-05
Luxray;23;SWSH Black Star Promos;K100R1P0205;99.45;https://sklep839679.shoparena.pl/upload/images/2/img1572.jpg;holo;;2025-09-05
Flapple;22;SWSH Black Star Promos;K100R1P0206;52.34;https://sklep839679.shoparena.pl/upload/images/2/img1573.jpg;holo;;2025-09-05
Decidueye;13;SWSH Black Star Promos;K100R1P0207;52.34;https://sklep839679.shoparena.pl/upload/images/2/img1574.jpg;common;;2025-09-05
Mimikyu ex;69;Journey Together;K100R1P0208;4.20;https://sklep839679.shoparena.pl/upload/images/2/img1575.jpg;common;;2025-09-05
Amoonguss ex;11;Journey Together;K100R1P0209;2.72;https://sklep839679.shoparena.pl/upload/images/2/img1576.jpg;common;;2025-09-05
Incineroar ex;34;Temporal Forces;K100R1P0210;4.13;https://sklep839679.shoparena.pl/upload/images/2/img1577.jpg;common;;2025-09-05
Xerneas-EX;179;SVP Black Star Promos;K100R1P0211;4.20;https://sklep839679.shoparena.pl/upload/images/2/img1578.jpg;common;;2025-09-05
Meowscarada ex;33;SVP Black Star Promos;K100R1P0212;4.20;https://sklep839679.shoparena.pl/upload/images/2/img1579.jpg;common;;2025-09-05
Toxtricity ex;100;Paradox Rift;K100R1P0213;3.98;https://sklep839679.shoparena.pl/upload/images/2/img1580.jpg;common;;2025-09-05
Hop's Zacian ex;193;SVP Black Star Promos;K100R1P0214;3.90;https://sklep839679.shoparena.pl/upload/images/2/img1581.jpg;common;;2025-09-05
Dragonite ex;159;Obsidian Flames;K100R1P0215;12.77;https://sklep839679.shoparena.pl/upload/images/2/img1582.jpg;common;;2025-09-05
Luxray ex;68;Twilight Masquerade;K100R1P0216;3.04;https://sklep839679.shoparena.pl/upload/images/2/img1583.jpg;common;;2025-09-05
Mamoswine ex;79;Journey Together;K100R1P0217;3.51;https://sklep839679.shoparena.pl/upload/images/2/img1584.jpg;common;;2025-09-05
Veluza ex;43;Journey Together;K100R1P0218;4.20;https://sklep839679.shoparena.pl/upload/images/2/img1585.jpg;common;;2025-09-05
Dondozo ex;66;Destined Rivals;K100R1P0219;2.35;https://sklep839679.shoparena.pl/upload/images/2/img1586.jpg;common;;2025-09-05
Dudunsparce ex;121;Journey Together;K100R1P0220;3.51;https://sklep839679.shoparena.pl/upload/images/2/img1587.jpg;common;;2025-09-05
Koraidon ex;120;Temporal Forces;K100R1P0221;3.30;https://sklep839679.shoparena.pl/upload/images/2/img1588.jpg;common;;2025-09-05
Hisuian Electrode V;172;Lost Origin;K100R1P0222;11.83;https://sklep839679.shoparena.pl/upload/images/2/img1589.jpg;common;;2025-09-05
Aerodactyl VSTAR;93;Lost Origin;K100R1P0223;4.87;https://sklep839679.shoparena.pl/upload/images/2/img1590.jpg;common;;2025-09-05
Galarian Slowking VMAX;100;Chilling Reign;K100R1P0224;7.85;https://sklep839679.shoparena.pl/upload/images/2/img1591.jpg;common;;2025-09-05
Aggron VMAX;97;Brilliant Stars;K100R1P0225;8.95;https://sklep839679.shoparena.pl/upload/images/2/img1592.jpg;common;;2025-09-05
Black Kyurem ex;48;Surging Sparks;K100R1P0230;3.51;https://sklep839679.shoparena.pl/upload/images/2/img1493.jpg;common;;2025-09-05
Alolan Exeggutor ex;133;Surging Sparks;K100R1P0231;4.03;https://sklep839679.shoparena.pl/upload/images/2/img1494.jpg;common;;2025-09-05
Dragapult ex;130;Twilight Masquerade;K100R1P0232;8.17;https://sklep839679.shoparena.pl/upload/images/2/img1495.jpg;common;;2025-09-05
Galarian Perrserker;87;Shining Fates;K100R1P0233;11.25;https://sklep839679.shoparena.pl/upload/images/2/img1496.jpg;common;;2025-09-05
Chien-Pao ex;61;Paldea Evolved;K100R1P0234;5.23;https://sklep839679.shoparena.pl/upload/images/2/img1497.jpg;common;;2025-09-05
Dedenne ex;93;Paldea Evolved;K100R1P0235;4.34;https://sklep839679.shoparena.pl/upload/images/2/img1498.jpg;common;;2025-09-05
Squawkabilly ex;169;Paldea Evolved;K100R1P0236;4.71;https://sklep839679.shoparena.pl/upload/images/2/img1499.jpg;common;;2025-09-05
Chi-Yu ex;40;Paldea Evolved;K100R1P0237;3.66;https://sklep839679.shoparena.pl/upload/images/2/img1500.jpg;common;;2025-09-05
Slowking ex;86;Paldea Evolved;K100R1P0238;3.93;https://sklep839679.shoparena.pl/upload/images/2/img1501.jpg;common;;2025-09-05
Slowking ex;86;Paldea Evolved;K100R1P0239;3.93;https://sklep839679.shoparena.pl/upload/images/2/img1502.jpg;common;;2025-09-05
Galarian Cursola;50;Shining Fates;K100R1P0245;13.09;https://sklep839679.shoparena.pl/upload/images/2/img1503.jpg;common;;2025-09-05
Celebi VMAX;8;Chilling Reign;K100R1P0246;14.60;https://sklep839679.shoparena.pl/upload/images/2/img1504.jpg;common;;2025-09-05
Switch;206;151;K100R1P0247;19.73;https://sklep839679.shoparena.pl/upload/images/2/img1505.jpg;common;;2025-09-05
Team Rocket's Nidoking ex;216;Destined Rivals;K100R1P0248;36.59;https://sklep839679.shoparena.pl/upload/images/2/img1506.jpg;common;;2025-09-05
Iono's Bellibolt ex;172;Journey Together;K100R1P0249;14.66;https://sklep839679.shoparena.pl/upload/images/2/img1507.jpg;common;;2025-09-05
Team Rocket's Wobbuffet;203;SVP Black Star Promos;K100R1P0250;35.40;https://sklep839679.shoparena.pl/upload/images/2/img1508.jpg;common;;2025-09-05
Volcanion ex;171;Journey Together;K100R1P0251;9.21;https://sklep839679.shoparena.pl/upload/images/2/img1509.jpg;common;;2025-09-05
Arbok ex;185;151;K100R1P0252;65.27;https://sklep839679.shoparena.pl/upload/images/2/img1510.jpg;common;;2025-09-05
Basic Psychic Energy;207;151;K100R1P0253;24.23;https://sklep839679.shoparena.pl/upload/images/2/img1511.jpg;common;;2025-09-05
Giacomo;138;Prismatic Evolutions;K100R1P0254;4.71;https://sklep839679.shoparena.pl/upload/images/2/img1512.jpg;common;1;2025-09-05
Ethan's Adventure;221;Destined Rivals;K100R1P0255;37.16;https://sklep839679.shoparena.pl/upload/images/2/img1513.jpg;common;;2025-09-05
Houndoom;191;Destined Rivals;K100R1P0256;85.84;https://sklep839679.shoparena.pl/upload/images/2/img1514.jpg;common;;2025-09-05
Deoxys VSTAR;268;SWSH Black Star Promos;K100R1P0257;23.55;https://sklep839679.shoparena.pl/upload/images/2/img1515.jpg;common;;2025-09-05
Duraludon;92;Shining Fates;K100R1P0258;14.15;https://sklep839679.shoparena.pl/upload/images/2/img1516.jpg;common;;2025-09-05
Ortega;141;Prismatic Evolutions;K100R1P0259;5.39;https://sklep839679.shoparena.pl/upload/images/2/img1517.jpg;common;;2025-09-05
Amarys;132;Prismatic Evolutions;K100R1P0260;6.15;https://sklep839679.shoparena.pl/upload/images/2/img1518.jpg;common;;2025-09-05
Amarys;132;Prismatic Evolutions;K100R1P0261;6.15;https://sklep839679.shoparena.pl/upload/images/2/img1519.jpg;common;;2025-09-05
Toedscruel ex;5;Paldean Fates;K100R1P0262;3.15;https://sklep839679.shoparena.pl/upload/images/2/img1520.jpg;common;;2025-09-05
Paldean Clodsire ex;59;Paldean Fates;K100R1P0263;2.36;https://sklep839679.shoparena.pl/upload/images/2/img1521.jpg;common;;2025-09-05
Paldean Clodsire ex;59;Paldean Fates;K100R1P0264;2.36;https://sklep839679.shoparena.pl/upload/images/2/img1522.jpg;common;;2025-09-05
Ogerpon ex;145;Prismatic Evolutions;K100R1P0265;109.86;https://sklep839679.shoparena.pl/upload/images/2/img1548.jpg;common;;2025-09-05
Flareon ex;14;Prismatic Evolutions;K100R1P0266;28.79;https://sklep839679.shoparena.pl/upload/images/2/img1549.jpg;common;;2025-09-05
Fighting Fury Belt;99;BREAKpoint;K100R1P0267;16.33;https://sklep839679.shoparena.pl/upload/images/2/img1550.jpg;reverse;;2025-09-05
Opal;197;Vivid Voltage;K100R1P0268;26.85;https://sklep839679.shoparena.pl/upload/images/2/img1551.jpg;common;;2025-09-05
Revavroom;193;Paldean Fates;K100R1P0269;13.92;https://sklep839679.shoparena.pl/upload/images/2/img1552.jpg;common;;2025-09-05
Skiploom;97;Paldean Fates;K100R1P0270;14.45;https://sklep839679.shoparena.pl/upload/images/2/img1553.jpg;common;;2025-09-05
Toxtricity;141;Paldean Fates;K100R1P0271;12.72;https://sklep839679.shoparena.pl/upload/images/2/img1554.jpg;common;;2025-09-05
Flutter Mane;97;SVP Black Star Promos;K100R1P0272;13.60;https://sklep839679.shoparena.pl/upload/images/2/img1555.jpg;common;;2025-09-05
Mewtwo V;223;SWSH Black Star Promos;K100R1P0273;32.19;https://sklep839679.shoparena.pl/upload/images/2/img1556.jpg;common;;2025-09-05
Galarian Perrserker;205;Rebel Clash;K100R1P0274;58.46;https://sklep839679.shoparena.pl/upload/images/2/img1557.jpg;common;;2025-09-05
Magnezone V;56;Lost Origin;K100R1P0275;3.09;https://sklep839679.shoparena.pl/upload/images/2/img1558.jpg;common;;2025-09-05
Venusaur ex;3;151;K100R1P0300;8.43;https://sklep839679.shoparena.pl/upload/images/1/img1793.jpg;common;;2025-09-05
Treasure Tracker;131;Prismatic Evolutions;K100R1P0301;2.10;https://sklep839679.shoparena.pl/upload/images/1/img1794.jpg;common;;2025-09-05
Treasure Tracker;131;Prismatic Evolutions;K100R1P0305;2.10;https://sklep839679.shoparena.pl/upload/images/1/img1795.jpg;common;;2025-09-05
Treasure Tracker;131;Prismatic Evolutions;K100R1P0306;2.10;https://sklep839679.shoparena.pl/upload/images/1/img1796.jpg;common;;2025-09-05
Sparkling Crystal;129;Prismatic Evolutions;K100R1P0307;3.66;https://sklep839679.shoparena.pl/upload/images/1/img1797.jpg;common;;2025-09-05
Max Rod;116;Prismatic Evolutions;K100R1P0310;4.70;https://sklep839679.shoparena.pl/upload/images/1/img1798.jpg;common;;2025-09-05
Prime Catcher;119;Prismatic Evolutions;K100R1P0311;5.50;https://sklep839679.shoparena.pl/upload/images/1/img1799.jpg;common;;2025-09-05
Prime Catcher;119;Prismatic Evolutions;K100R1P0312;5.50;https://sklep839679.shoparena.pl/upload/images/1/img1800.jpg;common;;2025-09-05
Tyranitar ex;64;Prismatic Evolutions;K100R1P0313;3.95;https://sklep839679.shoparena.pl/upload/images/1/img1801.jpg;common;;2025-09-05
Maximum Belt;117;Prismatic Evolutions;K100R1P0314;4.10;https://sklep839679.shoparena.pl/upload/images/1/img1802.jpg;common;;2025-09-05
Iron Hands ex;31;Prismatic Evolutions;K100R1P0315;6.86;https://sklep839679.shoparena.pl/upload/images/1/img1803.jpg;common;;2025-09-05
Iron Hands ex;31;Prismatic Evolutions;K100R1P0350;6.86;https://sklep839679.shoparena.pl/upload/images/1/img1804.jpg;common;;2025-09-05
Pawmot ex;73;Obsidian Flames;K100R1P0351;4.24;https://sklep839679.shoparena.pl/upload/images/1/img1805.jpg;common;;2025-09-05
Miraidon ex;79;Obsidian Flames;K100R1P0352;6.18;https://sklep839679.shoparena.pl/upload/images/1/img1806.jpg;common;;2025-09-05
Ogerpon ex;12;Prismatic Evolutions;K100R1P0353;10.99;https://sklep839679.shoparena.pl/upload/images/1/img1807.jpg;common;;2025-09-05
Hydrapple ex;11;Prismatic Evolutions;K100R1P0354;5.35;https://sklep839679.shoparena.pl/upload/images/1/img1808.jpg;common;;2025-09-05
Hydrapple ex;11;Prismatic Evolutions;K100R1P0355;5.35;https://sklep839679.shoparena.pl/upload/images/1/img1809.jpg;common;;2025-09-05
Hydrapple ex;11;Prismatic Evolutions;K100R1P0356;5.35;https://sklep839679.shoparena.pl/upload/images/1/img1810.jpg;common;;2025-09-05
Max Rod;116;Prismatic Evolutions;K100R1P0357;4.70;https://sklep839679.shoparena.pl/upload/images/1/img1811.jpg;common;;2025-09-05
Sparkling Crystal;129;Prismatic Evolutions;K100R1P0358;3.66;https://sklep839679.shoparena.pl/upload/images/1/img1812.jpg;common;;2025-09-05
Scoop Up Cyclone;128;Prismatic Evolutions;K100R1P0359;1.85;https://sklep839679.shoparena.pl/upload/images/1/img1813.jpg;common;;2025-09-05
Treasure Tracker;131;Prismatic Evolutions;K100R1P0360;2.10;https://sklep839679.shoparena.pl/upload/images/1/img1814.jpg;common;;2025-09-05
Zacian ex;198;SVP Black Star Promos;K100R1P0361;3.50;https://sklep839679.shoparena.pl/upload/images/1/img1815.jpg;common;;2025-09-05
Zacian ex;198;SVP Black Star Promos;K100R1P0362;3.50;https://sklep839679.shoparena.pl/upload/images/1/img1816.jpg;common;;2025-09-05
Koraidon ex;197;SVP Black Star Promos;K100R1P0363;3.50;https://sklep839679.shoparena.pl/upload/images/1/img1817.jpg;common;;2025-09-05
Koraidon ex;197;SVP Black Star Promos;K100R1P0360;3.50;https://sklep839679.shoparena.pl/upload/images/1/img1818.jpg;common;;2025-09-05
Koraidon ex;197;SVP Black Star Promos;K100R1P0361;3.50;https://sklep839679.shoparena.pl/upload/images/1/img1819.jpg;common;;2025-09-05
Ethan's Ho-Oh ex ;39;Destined Rivals;K100R1P0362;6.10;https://sklep839679.shoparena.pl/upload/images/1/img1820.jpg;common;;2025-09-05
Dangerous Laser;58;Shrouded Fable;K100R1P0363;4.10;https://sklep839679.shoparena.pl/upload/images/1/img1821.jpg;common;;2025-09-05
Dangerous Laser;58;Shrouded Fable;K100R1P0364;4.10;https://sklep839679.shoparena.pl/upload/images/1/img1822.jpg;common;;2025-09-05
Alcremie ex;75;Journey Together;K100R1P0365;3.81;https://sklep839679.shoparena.pl/upload/images/1/img1823.jpg;common;;2025-09-05
Paldean Clodsire ex;94;Journey Together;K100R1P0366;2.87;https://sklep839679.shoparena.pl/upload/images/1/img1824.jpg;common;;2025-09-05
Veluza ex;43;Journey Together;K100R1P0367;4.20;https://sklep839679.shoparena.pl/upload/images/1/img1825.jpg;common;;2025-09-05
Alcremie ex;75;Journey Together;K100R1P0370;3.81;https://sklep839679.shoparena.pl/upload/images/1/img1826.jpg;common;;2025-09-05
Mimikyu ex;69;Journey Together;K100R1P0371;4.20;https://sklep839679.shoparena.pl/upload/images/1/img1827.jpg;common;;2025-09-05
Volcanion EX;31;Journey Together;K100R1P0372;3.76;https://sklep839679.shoparena.pl/upload/images/1/img1828.jpg;common;;2025-09-05
Mamoswine ex;79;Journey Together;K100R1P0373;3.51;https://sklep839679.shoparena.pl/upload/images/1/img1829.jpg;common;;2025-09-05
Hearthflame Mask Ogerpon ex;17;Prismatic Evolutions;K100R1P0374;3.92;https://sklep839679.shoparena.pl/upload/images/1/img1830.jpg;common;;2025-09-05
Tapu Koko EX;51;Journey Together;K100R1P0375;2.93;https://sklep839679.shoparena.pl/upload/images/1/img1831.jpg;common;;2025-09-05
Salamence ex;114;Journey Together;K100R1P0376;3.71;https://sklep839679.shoparena.pl/upload/images/1/img1832.jpg;common;;2025-09-05
Amoonguss ex;11;Journey Together;K100R1P0377;2.72;https://sklep839679.shoparena.pl/upload/images/1/img1833.jpg;common;;2025-09-05
Arbok ex;24;151;K100R1P0378;8.99;https://sklep839679.shoparena.pl/upload/images/1/img1834.jpg;common;;2025-09-05
Team Rocket's Persian ex;150;Destined Rivals;K100R1P0379;4.44;https://sklep839679.shoparena.pl/upload/images/1/img1835.jpg;common;;2025-09-05
Salamence ex;114;Journey Together;K100R1P0380;3.71;https://sklep839679.shoparena.pl/upload/images/1/img1836.jpg;common;;2025-09-05
Chien-Pao ex;61;Paldea Evolved;K100R1P0381;5.23;https://sklep839679.shoparena.pl/upload/images/1/img1837.jpg;common;;2025-09-05
Amoonguss ex;11;Journey Together;K100R1P0382;2.72;https://sklep839679.shoparena.pl/upload/images/1/img1838.jpg;common;;2025-09-05
Ogerpon ex;112;Twilight Masquerade;K100R1P0383;5.75;https://sklep839679.shoparena.pl/upload/images/1/img1839.jpg;common;;2025-09-05
Zacian ex;198;SVP Black Star Promos;K100R1P0384;3.50;https://sklep839679.shoparena.pl/upload/images/1/img1840.jpg;common;;2025-09-05
Team Rocket's Spidops;187;Destined Rivals;K100R1P0385;31.97;https://sklep839679.shoparena.pl/upload/images/1/img1841.jpg;common;;2025-09-05
Team Rocket's Crobat ex;217;Destined Rivals;K100R1P0386;26.44;https://sklep839679.shoparena.pl/upload/images/1/img1842.jpg;common;;2025-09-05
Team Rocket's Wobbuffet;203;SVP Black Star Promos;K100R1P0387;39.45;https://sklep839679.shoparena.pl/upload/images/1/img1843.jpg;common;;2025-09-05
Dudunsparce;229;Paldea Evolved;K100R1P0388;27.69;https://sklep839679.shoparena.pl/upload/images/1/img1844.jpg;common;;2025-09-05
Swinub;165;Journey Together;K100R1P0389;13.11;https://sklep839679.shoparena.pl/upload/images/1/img1845.jpg;common;;2025-09-05
Tropius;195;Paldea Evolved;K100R1P0390;41.06;https://sklep839679.shoparena.pl/upload/images/1/img1846.jpg;common;;2025-09-05
Lycanroc;166;Journey Together;K100R1P0391;15.40;https://sklep839679.shoparena.pl/upload/images/1/img1847.jpg;common;;2025-09-05
Copperajah ex;245;Paldea Evolved;K100R1P0392;8.20;https://sklep839679.shoparena.pl/upload/images/1/img1848.jpg;common;;2025-09-05
Yanmega ex;3;Destined Rivals;K100R1P0400;3.97;https://sklep839679.shoparena.pl/upload/images/1/img1849.jpg;common;;2025-09-05
Arboliva ex;23;Destined Rivals;K100R1P0401;2.87;https://sklep839679.shoparena.pl/upload/images/1/img1850.jpg;common;;2025-09-05
Yanmega ex;3;Destined Rivals;K100R1P0405;3.97;https://sklep839679.shoparena.pl/upload/images/1/img1851.jpg;common;;2025-09-05
Cetitan ex;65;Destined Rivals;K100R1P0406;2.77;https://sklep839679.shoparena.pl/upload/images/1/img1852.jpg;common;;2025-09-05
Arven's Mabosstiff ex;139;Destined Rivals;K100R1P0407;2.77;https://sklep839679.shoparena.pl/upload/images/1/img1853.jpg;common;;2025-09-05
Cynthia's Garchomp ex;104;Destined Rivals;K100R1P0408;7.05;https://sklep839679.shoparena.pl/upload/images/1/img1854.jpg;common;;2025-09-05
Ethan's Ho-Oh ex;39;Destined Rivals;K100R1P0409;6.10;https://sklep839679.shoparena.pl/upload/images/1/img1855.jpg;common;;2025-09-05
Electivire ex;69;Destined Rivals;K100R1P0410;3.19;https://sklep839679.shoparena.pl/upload/images/1/img1856.jpg;common;;2025-09-05
Dondozo ex;66;Destined Rivals;K100R1P0411;2.35;https://sklep839679.shoparena.pl/upload/images/1/img1857.jpg;common;;2025-09-05
Arven's Mabosstiff ex;139;Destined Rivals;K100R1P0407;2.77;https://sklep839679.shoparena.pl/upload/images/1/img1858.jpg;common;;2025-09-05
Basculin;24;White Flare;K100R1P0412;3.20;https://sklep839679.shoparena.pl/upload/images/1/img1859.jpg;common;;2025-09-05
Woobat;119;White Flare;K100R1P0413;35.21;https://sklep839679.shoparena.pl/upload/images/1/img1860.jpg;common;;2025-09-05
Kyurem ex;28;Black Bolt;K100R1P0414;2.35;https://sklep839679.shoparena.pl/upload/images/1/img1861.jpg;common;;2025-09-05
Excadrill ex;46;Black Bolt;K100R1P0415;1.85;https://sklep839679.shoparena.pl/upload/images/1/img1862.jpg;common;;2025-09-05
Reshiram ex;20;White Flare;K100R1P0416;2.77;https://sklep839679.shoparena.pl/upload/images/1/img1863.jpg;common;;2025-09-05
Zorua;61;White Flare;K100R1P0417;32.91;https://sklep839679.shoparena.pl/upload/images/1/img1864.jpg;common;;2025-09-05
Karrablast;9;Black Bolt;K100R1P0500;1.50;https://sklep839679.shoparena.pl/upload/images/1/img1865.jpg;common;;2025-09-09
Patrat;72;White Flare;K100R1P0501;2.60;https://sklep839679.shoparena.pl/upload/images/1/img1866.jpg;common;;2025-09-09
Tympole;19;Black Bolt;K100R1P0502;2.40;https://sklep839679.shoparena.pl/upload/images/1/img1867.jpg;common;;2025-09-09
Golurk;43;Black Bolt;K100R1P0503;2.40;https://sklep839679.shoparena.pl/upload/images/1/img1868.jpg;common;;2025-09-09
Archen;50;White Flare;K100R1P0504;2.85;https://sklep839679.shoparena.pl/upload/images/1/img1869.jpg;common;;2025-09-09
Reuniclus;39;Black Bolt;K100R1P0505;23.50;https://sklep839679.shoparena.pl/upload/images/1/img1870.jpg;common;;2025-09-09
Gurdurr;126;Black Bolt;K100R1P0506;30.85;https://sklep839679.shoparena.pl/upload/images/1/img1871.jpg;common;;2025-09-09
Keldeo ex;159;White Flare;K100R1P0507;7.85;https://sklep839679.shoparena.pl/upload/images/1/img1872.jpg;common;;2025-09-09
Delphox V;27;Lost Origin;K100R1P0508;3.19;https://sklep839679.shoparena.pl/upload/images/3/img1593.jpg;common;;2025-09-09
Hisuian Goodra V;135;Lost Origin;K100R1P0509;2.87;https://sklep839679.shoparena.pl/upload/images/3/img1594.jpg;common;;2025-09-09
Drapion VSTAR;119;Lost Origin;K100R1P0510;4.70;https://sklep839679.shoparena.pl/upload/images/3/img1595.jpg;common;;2025-09-09
Shadow Rider Calyrex V;74;Chilling Reign;K100R1P0511;6.10;https://sklep839679.shoparena.pl/upload/images/3/img1596.jpg;common;;2025-09-09
Delphox V;27;Lost Origin;K100R1P0508;3.19;https://sklep839679.shoparena.pl/upload/images/3/img1597.jpg;common;;2025-09-09
Gyarados ex;45;Scarlet & Violet;K100R1P0512;7.42;https://sklep839679.shoparena.pl/upload/images/3/img1598.jpg;common;;2025-09-09
Iron Crown ex;81;Temporal Forces;K100R1P0513;4.08;https://sklep839679.shoparena.pl/upload/images/3/img1599.jpg;common;;2025-09-09
Arcanine ex;32;Scarlet & Violet;K100R1P0514;5.50;https://sklep839679.shoparena.pl/upload/images/3/img1600.jpg;common;;2025-09-09
Radiant Eternatus;105;Crown Zenith;K100R1P0515;2.82;https://sklep839679.shoparena.pl/upload/images/3/img1601.jpg;common;;2025-09-09
Garganacl ex;89;Stellar Crown;K100R1P0516;3.45;https://sklep839679.shoparena.pl/upload/images/3/img1602.jpg;common;;2025-09-09
Charizard ex;54;Paldean Fates;K100R1P0517;17.14;https://sklep839679.shoparena.pl/upload/images/3/img1603.jpg;common;;2025-09-09
Mamoswine;82;BREAKthrough;K100R1P0518;21.15;https://sklep839679.shoparena.pl/upload/images/3/img1604.jpg;holo;;2025-09-09
Sylveon ex;86;Surging Sparks;K100R1P0519;8.10;https://sklep839679.shoparena.pl/upload/images/3/img1605.jpg;common;;2025-09-09
Prime Catcher;119;Prismatic Evolutions;K100R1P0520;5.50;https://sklep839679.shoparena.pl/upload/images/3/img1606.jpg;common;;2025-09-09
Survival Brace;164;Twilight Masquerade;K100R1P0521;2.72;https://sklep839679.shoparena.pl/upload/images/3/img1607.jpg;common;;2025-09-09
Rotom V;58;Lost Origin;K100R1P0522;3.66;https://sklep839679.shoparena.pl/upload/images/3/img1608.jpg;common;;2025-09-09
Melmetal ex;105;Stellar Crown;K100R1P0523;3.90;https://sklep839679.shoparena.pl/upload/images/3/img1609.jpg;common;;2025-09-09
Koraidon ex;124;Obsidian Flames;K100R1P0524;5.28;https://sklep839679.shoparena.pl/upload/images/3/img1610.jpg;common;;2025-09-09
Drapion V;118;Lost Origin;K100R1P0525;2.93;https://sklep839679.shoparena.pl/upload/images/3/img1611.jpg;common;;2025-09-09
Kyurem V;48;Lost Origin;K100R1P0526;3.92;https://sklep839679.shoparena.pl/upload/images/3/img1612.jpg;common;;2025-09-09
Duraludon V;103;Crown Zenith;K100R1P0527;4.70;https://sklep839679.shoparena.pl/upload/images/3/img1613.jpg;common;;2025-09-09
Galarian Perrserker V;129;Lost Origin;K100R1P0528;3.90;https://sklep839679.shoparena.pl/upload/images/3/img1614.jpg;common;;2025-09-09
Suicune V;31;Evolving Skies;K100R1P0529;8.57;https://sklep839679.shoparena.pl/upload/images/3/img1615.jpg;common;;2025-09-09
Kyogre V;37;Crown Zenith;K100R1P0530;6.38;https://sklep839679.shoparena.pl/upload/images/3/img1616.jpg;common;;2025-09-09
Ice Rider Calyrex VMAX;46;Chilling Reign;K100R1P0531;6.69;https://sklep839679.shoparena.pl/upload/images/3/img1617.jpg;common;;2025-09-09
Dodrio V;201;Fusion Strike;K100R1P0532;5.07;https://sklep839679.shoparena.pl/upload/images/3/img1618.jpg;common;;2025-09-09
Boltund V;219;SWSH Black Star Promos;K100R1P0533;2.45;https://sklep839679.shoparena.pl/upload/images/3/img1619.jpg;common;;2025-09-09
Greedent V;120;Crown Zenith;K100R1P0534;4.49;https://sklep839679.shoparena.pl/upload/images/3/img1620.jpg;common;;2025-09-09
Kyurem VMAX;49;Lost Origin;K100R1P0535;7.63;https://sklep839679.shoparena.pl/upload/images/3/img1621.jpg;common;;2025-09-09
Zeraora V;53;Chilling Reign;K100R1P0536;6.01;https://sklep839679.shoparena.pl/upload/images/3/img1622.jpg;common;;2025-09-09
Simisear V;27;Brilliant Stars;K100R1P0537;3.97;https://sklep839679.shoparena.pl/upload/images/3/img1623.jpg;common;;2025-09-09
Conkeldurr V;40;Pok√©mon GO;K100R1P0538;3.24;https://sklep839679.shoparena.pl/upload/images/3/img1624.jpg;common;;2025-09-09
Starmie V;30;Astral Radiance;K100R1P0539;5.12;https://sklep839679.shoparena.pl/upload/images/3/img1625.jpg;common;;2025-09-09
Excadrill;174;Temporal Forces;K100R1P0540;29.94;https://sklep839679.shoparena.pl/upload/images/3/img1626.jpg;common;;2025-09-09
Wattrel;178;Twilight Masquerade;K100R1P0541;18.13;https://sklep839679.shoparena.pl/upload/images/3/img1627.jpg;common;;2025-09-09
Eiscue ex;210;Obsidian Flames;K100R1P0542;6.30;https://sklep839679.shoparena.pl/upload/images/3/img1628.jpg;common;;2025-09-09
Miraidon ex;79;Obsidian Flames;K100R1P0543;6.18;https://sklep839679.shoparena.pl/upload/images/3/img1629.jpg;common;;2025-09-09
Virizion V;164;Astral Radiance;K100R1P0544;15.62;https://sklep839679.shoparena.pl/upload/images/3/img1630.jpg;common;;2025-09-09
Armarouge;115;Paldean Fates;K100R1P0545;17.71;https://sklep839679.shoparena.pl/upload/images/3/img1631.jpg;common;;2025-09-09
Bellibolt;201;Obsidian Flames;K100R1P0546;16.56;https://sklep839679.shoparena.pl/upload/images/3/img1632.jpg;common;;2025-09-09
Annihilape ex;242;Paldea Evolved;K100R1P0547;13.64;https://sklep839679.shoparena.pl/upload/images/3/img1633.jpg;common;;2025-09-09
Great Tusk ex;230;Scarlet & Violet;K100R1P0548;7.68;https://sklep839679.shoparena.pl/upload/images/3/img1634.jpg;common;;2025-09-09
Eri;199;Temporal Forces;K100R1P0549;11.91;https://sklep839679.shoparena.pl/upload/images/3/img1635.jpg;common;;2025-09-09
Professor's Research;24;Celebrations;K100R1P0550;9.50;https://sklep839679.shoparena.pl/upload/images/3/img1636.jpg;common;;2025-09-09
Nemona;229;Paldean Fates;K100R1P0551;4.15;https://sklep839679.shoparena.pl/upload/images/3/img1637.jpg;common;;2025-09-09
Giacomo;138;Prismatic Evolutions;K100R1P0552;4.71;https://sklep839679.shoparena.pl/upload/images/3/img1638.jpg;common;;2025-09-09
Schoolboy;261;Fusion Strike;K100R1P0553;15.50;https://sklep839679.shoparena.pl/upload/images/3/img1639.jpg;common;;2025-09-09
Clive;227;Paldean Fates;K100R1P0554;2.51;https://sklep839679.shoparena.pl/upload/images/3/img1640.jpg;common;1;2025-09-09
Judge;228;Paldean Fates;K100R1P0555;2.98;https://sklep839679.shoparena.pl/upload/images/3/img1641.jpg;common;;2025-09-09
Iron Boulder ex;192;Temporal Forces;K100R1P0556;8.63;https://sklep839679.shoparena.pl/upload/images/3/img1642.jpg;common;;2025-09-09
Iron Crown ex;191;Temporal Forces;K100R1P0557;9.68;https://sklep839679.shoparena.pl/upload/images/3/img1643.jpg;common;;2025-09-09
Iron Thorns ex;196;Twilight Masquerade;K100R1P0558;12.71;https://sklep839679.shoparena.pl/upload/images/3/img1644.jpg;common;;2025-09-09
Ice Rider Calyrex VMAX;46;Chilling Reign;K100R1P0559;6.69;https://sklep839679.shoparena.pl/upload/images/3/img1645.jpg;common;;2025-09-09
Abomasnow;101;Paldean Fates;K100R1P0560;11.50;https://sklep839679.shoparena.pl/upload/images/3/img1646.jpg;common;;2025-09-09
Toxel;140;Paldean Fates;K100R1P0561;14.7;https://sklep839679.shoparena.pl/upload/images/3/img1647.jpg;common;;2025-09-09
Greedent;206;Paldean Fates;K100R1P0562;11.51;https://sklep839679.shoparena.pl/upload/images/3/img1648.jpg;common;;2025-09-09
Dondozo;126;Paldean Fates;K100R1P0563;11.62;https://sklep839679.shoparena.pl/upload/images/3/img1649.jpg;common;;2025-09-09
Kilowattrel ex;68;Surging Sparks;K100R1P0564;2.88;https://sklep839679.shoparena.pl/upload/images/3/img1650.jpg;common;;2025-09-09
Munkidori ex;37;Shrouded Fable;K100R1P0565;2.72;https://sklep839679.shoparena.pl/upload/images/3/img1651.jpg;common;;2025-09-09
Okidogi ex;36;Shrouded Fable;K100R1P0566;2.88;https://sklep839679.shoparena.pl/upload/images/3/img1652.jpg;common;;2025-09-09
Toedscruel ex;5;Paldean Fates;K100R1P0567;3.15;https://sklep839679.shoparena.pl/upload/images/3/img1653.jpg;common;;2025-09-09
Palafin ex;61;Twilight Masquerade;K100R1P0568;3.40;https://sklep839679.shoparena.pl/upload/images/3/img1654.jpg;common;;2025-09-09
Sinistcha ex;23;Twilight Masquerade;K100R1P0569;4.20;https://sklep839679.shoparena.pl/upload/images/3/img1655.jpg;common;;2025-09-09
Flamigo ex;160;Surging Sparks;K100R1P0570;2.46;https://sklep839679.shoparena.pl/upload/images/3/img1656.jpg;common;;2025-09-09
Hoopa ex;98;Paradox Rift;K100R1P0571;4.92;https://sklep839679.shoparena.pl/upload/images/3/img1657.jpg;common;;2025-09-09
Froslass ex;3;Paradox Rift;K100R1P0572;4.13;https://sklep839679.shoparena.pl/upload/images/3/img1658.jpg;common;;2025-09-09
Toxtricity ex;100;Paradox Rift;K100R1P0573;3.98;https://sklep839679.shoparena.pl/upload/images/3/img1659.jpg;common;;2025-09-09
Revavroom ex;15;Shrouded Fable;K100R1P0574;2.51;https://sklep839679.shoparena.pl/upload/images/3/img1660.jpg;common;;2025-09-09
Unown VSTAR;66;Silver Tempest;K100R1P0575;7.33;https://sklep839679.shoparena.pl/upload/images/3/img1661.jpg;common;;2025-09-09
Eevee V;108;Crown Zenith;K100R1P0576;16.38;https://sklep839679.shoparena.pl/upload/images/3/img1662.jpg;common;;2025-09-09
Magcargo ex;29;Twilight Masquerade;K100R1P0577;2.77;https://sklep839679.shoparena.pl/upload/images/3/img1663.jpg;common;;2025-09-09
Wellspring Mask Ogerpon ex;64;Twilight Masquerade;K100R1P0578;5.10;https://sklep839679.shoparena.pl/upload/images/3/img1664.jpg;common;;2025-09-09
Miraidon ex;122;Temporal Forces;K100R1P0579;3.40;https://sklep839679.shoparena.pl/upload/images/3/img1665.jpg;common;;2025-09-09
Bellibolt ex;79;Paldea Evolved;K100R1P0580;3.85;https://sklep839679.shoparena.pl/upload/images/3/img1666.jpg;common;;2025-09-09
Hisuian Lilligant V;17;Astral Radiance;K100R1P0581;4.95;https://sklep839679.shoparena.pl/upload/images/3/img1667.jpg;common;;2025-09-09
Aerodactyl V;92;Lost Origin;K100R1P0582;4.45;https://sklep839679.shoparena.pl/upload/images/3/img1668.jpg;common;;2025-09-09
Greedent V;53;Shining Fates;K100R1P0583;3.72;https://sklep839679.shoparena.pl/upload/images/3/img1669.jpg;common;;2025-09-09
Scovillain ex;37;Surging Sparks;K100R1P0584;2.88;https://sklep839679.shoparena.pl/upload/images/3/img1670.jpg;common;;2025-09-09
Spidops ex;19;Scarlet & Violet;K100R1P0585;2.93;https://sklep839679.shoparena.pl/upload/images/3/img1671.jpg;common;;2025-09-09
Iron Leaves ex;25;Temporal Forces;K100R1P0586;4.76;https://sklep839679.shoparena.pl/upload/images/3/img1672.jpg;common;;2025-09-09
Pidgeot ex;225;Obsidian Flames;K100R1P0587;70.79;https://sklep839679.shoparena.pl/upload/images/3/img1673.jpg;common;;2025-09-09
Sunflora;169;Twilight Masquerade;K100R1P0588;20.41;https://sklep839679.shoparena.pl/upload/images/3/img1674.jpg;common;;2025-09-09
Eternatus V;21;Lost Origin;K100R1P0589;23.55;https://sklep839679.shoparena.pl/upload/images/3/img1675.jpg;common;;2025-09-09
Iron Thorns ex;196;Twilight Masquerade;K100R1P0558;12.71;https://sklep839679.shoparena.pl/upload/images/3/img1676.jpg;common;;2025-09-09
Hyper Aroma;152;Twilight Masquerade;K100R1P0590;3.60;https://sklep839679.shoparena.pl/upload/images/3/img1677.jpg;common;;2025-09-09
Stunfisk;202;Surging Sparks;K100R1P0591;8.79;https://sklep839679.shoparena.pl/upload/images/3/img1678.jpg;common;1;2025-09-09
Frosmoth;7;SWSH Black Star Promos;K100R1P0592;65.40;https://sklep839679.shoparena.pl/upload/images/3/img1679.jpg;common;;2025-09-09
Vikavolt V;60;Darkness Ablaze;K100R1P0593;5.44;https://sklep839679.shoparena.pl/upload/images/3/img1680.jpg;common;;2025-09-09
Terapagos ex;92;Prismatic Evolutions;K100R1P0594;6.30;https://sklep839679.shoparena.pl/upload/images/3/img1681.jpg;common;;2025-09-09
Snorlax ex;76;Prismatic Evolutions;K100R1P0595;4.95;https://sklep839679.shoparena.pl/upload/images/3/img1682.jpg;common;;2025-09-09
Snorlax ex;76;Prismatic Evolutions;K100R1P0596;4.95;https://sklep839679.shoparena.pl/upload/images/3/img1683.jpg;common;;2025-09-09
Snorlax ex;76;Prismatic Evolutions;K100R1P0597;4.95;https://sklep839679.shoparena.pl/upload/images/3/img1684.jpg;common;;2025-09-09
Snorlax ex;76;Prismatic Evolutions;K100R1P0598;4.95;https://sklep839679.shoparena.pl/upload/images/3/img1685.jpg;common;;2025-09-09
Garchomp V;117;Astral Radiance;K100R1P0599;4.87;https://sklep839679.shoparena.pl/upload/images/3/img1686.jpg;common;;2025-09-09
Infernape V;252;SWSH Black Star Promos;K100R1P0600;6.28;https://sklep839679.shoparena.pl/upload/images/3/img1687.jpg;common;;2025-09-09
Dracovish V;114;Brilliant Stars;K100R1P0601;4.08;https://sklep839679.shoparena.pl/upload/images/3/img1688.jpg;common;;2025-09-09
Morpeko;206;Paradox Rift;K100R1P0602;73.57;https://sklep839679.shoparena.pl/upload/images/3/img1689.jpg;common;;2025-09-09
Alcremie VMAX;73;Shining Fates;K100R1P0603;13.45;https://sklep839679.shoparena.pl/upload/images/3/img1690.jpg;common;;2025-09-09
Magby;186;Paradox Rift;K100R1P0604;64.83;https://sklep839679.shoparena.pl/upload/images/3/img1691.jpg;common;;2025-09-09
Floragato;197;Paldea Evolved;K100R1P0605;49.08;https://sklep839679.shoparena.pl/upload/images/3/img1692.jpg;common;;2025-09-09
Snorunt;188;Paradox Rift;K100R1P0606;46.10;https://sklep839679.shoparena.pl/upload/images/4/img1693.jpg;common;;2025-09-09
Keldeo;7;Crown Zenith;K100R1P0607;37.65;https://sklep839679.shoparena.pl/upload/images/4/img1694.jpg;common;;2025-09-09
Absol;16;Crown Zenith;K100R1P0608;26.70;https://sklep839679.shoparena.pl/upload/images/4/img1695.jpg;common;;2025-09-09
Mudsdale;175;Temporal Forces;K100R1P0609;23.60;https://sklep839679.shoparena.pl/upload/images/4/img1696.jpg;common;;2025-09-09
Skeledirge ex;258;Paldea Evolved;K100R1P0610;93.50;https://sklep839679.shoparena.pl/upload/images/4/img1697.jpg;common;;2025-09-09
Drapion V;49;Crown Zenith;K100R1P0611;32.95;https://sklep839679.shoparena.pl/upload/images/4/img1698.jpg;common;;2025-09-09
Golisopod ex;246;Paradox Rift;K100R1P0612;85.50;https://sklep839679.shoparena.pl/upload/images/4/img1699.jpg;common;;2025-09-09
Bloodmoon Ursaluna ex;216;Twilight Masquerade;K100R1P0613;157.25;https://sklep839679.shoparena.pl/upload/images/4/img1700.jpg;common;;2025-09-09
Glaceon VSTAR;40;Crown Zenith;K100R1P0614;275.69;https://sklep839679.shoparena.pl/upload/images/4/img1701.jpg;common;;2025-09-09
Sandaconda V;252;Fusion Strike;K100R1P0615;27.43;https://sklep839679.shoparena.pl/upload/images/4/img1702.jpg;common;;2025-09-09
Noivern V;195;Evolving Skies;K100R1P0616;24.85;https://sklep839679.shoparena.pl/upload/images/4/img1703.jpg;common;;2025-09-09
Zeraora VSTAR;43;Crown Zenith;K100R1P0617;104.65;https://sklep839679.shoparena.pl/upload/images/4/img1704.jpg;common;;2025-09-09
Mew VMAX;30;Lost Origin;K100R1P0618;58.05;https://sklep839679.shoparena.pl/upload/images/4/img1705.jpg;common;;2025-09-09
Centiskorch V;14;Lost Origin;K100R1P0619;20.95;https://sklep839679.shoparena.pl/upload/images/4/img1706.jpg;common;;2025-09-09
Pidgeot ex;217;Obsidian Flames;K100R1P0620;14.39;https://sklep839679.shoparena.pl/upload/images/4/img1707.jpg;common;;2025-09-09
Houndoom V;178;Darkness Ablaze;K100R1P0621;25.55;https://sklep839679.shoparena.pl/upload/images/4/img1708.jpg;common;;2025-09-09
Hisuian Arcanine V;179;Silver Tempest;K100R1P0622;18.68;https://sklep839679.shoparena.pl/upload/images/4/img1709.jpg;common;;2025-09-09
Grotle;164;Temporal Forces;K100R1P0623;40.08;https://sklep839679.shoparena.pl/upload/images/4/img1710.jpg;common;;2025-09-09
Porygon-Z;214;Paradox Rift;K100R1P0624;35.10;https://sklep839679.shoparena.pl/upload/images/4/img1711.jpg;common;;2025-09-09
Greedent ex;179;Obsidian Flames;K100R1P0625;5.28;https://sklep839679.shoparena.pl/upload/images/4/img1712.jpg;common;;2025-09-09
Grafaiai ex;100;SVP Black Star Promos;K100R1P0626;2.99;https://sklep839679.shoparena.pl/upload/images/4/img1713.jpg;common;;2025-09-11
Klawf ex;120;Obsidian Flames;K100R1P0627;4.93;https://sklep839679.shoparena.pl/upload/images/4/img1714.jpg;common;;2025-09-11
Bloodmoon Ursaluna ex;141;Twilight Masquerade;K100R1P0628;8.76;https://sklep839679.shoparena.pl/upload/images/4/img1715.jpg;common;;2025-09-11
Infernape;173;Twilight Masquerade;K100R1P0629;52.22;https://sklep839679.shoparena.pl/upload/images/4/img1716.jpg;common;;2025-09-11
Tatsugiri;186;Twilight Masquerade;K100R1P0630;61.61;https://sklep839679.shoparena.pl/upload/images/4/img1717.jpg;common;;2025-09-11
Lunatone;11;Crown Zenith;K100R1P0631;22.90;https://sklep839679.shoparena.pl/upload/images/4/img1718.jpg;common;;2025-09-11
Magnezone VSTAR;57;Lost Origin;K100R1P0632;4.04;https://sklep839679.shoparena.pl/upload/images/4/img1719.jpg;common;;2025-09-11
Ortega;141;Prismatic Evolutions;K100R1P0633;5.39;https://sklep839679.shoparena.pl/upload/images/4/img1720.jpg;common;;2025-09-11
Beautifly;5;Roaring Skies;K100R1P0634;6.55;https://sklep839679.shoparena.pl/upload/images/4/img1721.jpg;reverse;;2025-09-11
Gabite;69;BREAKpoint;K100R1P0635;6.30;https://sklep839679.shoparena.pl/upload/images/4/img1722.jpg;reverse;;2025-09-11
Hisuian Lilligant VSTAR;18;Astral Radiance;K100R1P0636;7.86;https://sklep839679.shoparena.pl/upload/images/4/img1723.jpg;common;;2025-09-11
Magnezone;54;BREAKthrough;K100R1P0637;7.85;https://sklep839679.shoparena.pl/upload/images/4/img1724.jpg;holo;;2025-09-11
Machoke;41;Generations;K100R1P0638;5.10;https://sklep839679.shoparena.pl/upload/images/4/img1725.jpg;reverse;;2025-09-11
Doublade;99;Primal Clash;K100R1P0639;2.25;https://sklep839679.shoparena.pl/upload/images/4/img1726.jpg;reverse;;2025-09-11
Energy Recycler;72;Ancient Origins;K100R1P0640;6.55;https://sklep839679.shoparena.pl/upload/images/4/img1727.jpg;reverse;;2025-09-11
Starly;125;BREAKthrough;K100R1P0641;2.55;https://sklep839679.shoparena.pl/upload/images/4/img1728.jpg;reverse;;2025-09-11
Doduo;55;Generations;K100R1P0642;3.90;https://sklep839679.shoparena.pl/upload/images/4/img1729.jpg;reverse;;2025-09-11
Special Charge;105;Steam Siege;K100R1P0643;9.90;https://sklep839679.shoparena.pl/upload/images/4/img1730.jpg;reverse;;2025-09-11
Inkay;93;BREAKthrough;K100R1P0644;2.36;https://sklep839679.shoparena.pl/upload/images/4/img1731.jpg;reverse;;2025-09-11
Drilbur;89;Primal Clash;K100R1P0645;2.35;https://sklep839679.shoparena.pl/upload/images/4/img1732.jpg;reverse;;2025-09-11
Chatot;128;BREAKthrough;K100R1P0646;3.41;https://sklep839679.shoparena.pl/upload/images/4/img1733.jpg;reverse;;2025-09-11
Meditite;79;Primal Clash;K100R1P0647;2.88;https://sklep839679.shoparena.pl/upload/images/4/img1734.jpg;reverse;;2025-09-11
Stantler;91;BREAKpoint;K100R1P0648;2.35;https://sklep839679.shoparena.pl/upload/images/4/img1735.jpg;reverse;;2025-09-11
Pawmot ex;73;Obsidian Flames;K100R1P0649;4.24;https://sklep839679.shoparena.pl/upload/images/4/img1736.jpg;common;;2025-09-11
Magcargo ex;29;Twilight Masquerade;K100R1P0650;2.73;https://sklep839679.shoparena.pl/upload/images/4/img1737.jpg;common;;2025-09-11
Wugtrio ex;60;Temporal Forces;K100R1P0651;2.99;https://sklep839679.shoparena.pl/upload/images/4/img1738.jpg;common;;2025-09-11
Gouging Fire ex;38;Temporal Forces;K100R1P0652;4.10;https://sklep839679.shoparena.pl/upload/images/4/img1739.jpg;common;;2025-09-11
Eiscue V;55;Rebel Clash;K100R1P0653;3.67;https://sklep839679.shoparena.pl/upload/images/4/img1740.jpg;common;;2025-09-11
Squawkabilly ex;75;Paldean Fates;K100R1P0654;4.19;https://sklep839679.shoparena.pl/upload/images/4/img1741.jpg;common;;2025-09-11
Flittle;164;Paldean Fates;K100R1P0655;11.95;https://sklep839679.shoparena.pl/upload/images/4/img1742.jpg;common;;2025-09-11
Copperajah;91;Shining Fates;K100R1P0656;12.50;https://sklep839679.shoparena.pl/upload/images/4/img1743.jpg;common;;2025-09-11
Bibarel;188;Brilliant Stars;K100R1P0657;7.85;https://sklep839679.shoparena.pl/upload/images/4/img1744.jpg;common;;2025-09-11
Wellspring Mask Ogerpon ex;64;Twilight Masquerade;K100R1P0658;5.10;https://sklep839679.shoparena.pl/upload/images/4/img1745.jpg;common;;2025-09-11
Hisuian Typhlosion VSTAR;54;Astral Radiance;K100R1P0659;10.40;https://sklep839679.shoparena.pl/upload/images/4/img1746.jpg;common;;2025-09-11
Galarian Slowking VMAX;100;Chilling Reign;K100R1P0660;7.85;https://sklep839679.shoparena.pl/upload/images/4/img1747.jpg;common;;2025-09-11
Cinderace VMAX;19;Shining Fates;K100R1P0661;8.90;https://sklep839679.shoparena.pl/upload/images/4/img1748.jpg;common;;2025-09-11
Heliolisk;177;Twilight Masquerade;K100R1P0662;17.30;https://sklep839679.shoparena.pl/upload/images/4/img1749.jpg;common;;2025-09-11
Hop's Zacian ex;193;SVP Black Star Promos;K100R1P0663;3.90;https://sklep839679.shoparena.pl/upload/images/4/img1750.jpg;common;;2025-09-11
Slither Wing;203;Paradox Rift;K100R1P0664;22.13;https://sklep839679.shoparena.pl/upload/images/4/img1751.jpg;common;;2025-09-11
Mankey;169;Paldean Fates;K100R1P0665;15.36;https://sklep839679.shoparena.pl/upload/images/4/img1752.jpg;common;;2025-09-11
Espathra;197;Paradox Rift;K100R1P0666;36.86;https://sklep839679.shoparena.pl/upload/images/4/img1753.jpg;common;;2025-09-11
Melmetal ex;105;Stellar Crown;K100R1P0667;3.41;https://sklep839679.shoparena.pl/upload/images/4/img1754.jpg;common;;2025-09-11
Orthworm ex;110;Stellar Crown;K100R1P0668;3.15;https://sklep839679.shoparena.pl/upload/images/4/img1755.jpg;common;;2025-09-11
Deluxe Bomb;134;Stellar Crown;K100R1P0669;1.78;https://sklep839679.shoparena.pl/upload/images/4/img1756.jpg;common;;2025-09-11
Lapras ex;32;Stellar Crown;K100R1P0671;7.30;https://sklep839679.shoparena.pl/upload/images/4/img1757.jpg;common;;2025-09-11
Sparkling Crystal;142;Stellar Crown;K100R1P0672;3.04;https://sklep839679.shoparena.pl/upload/images/4/img1758.jpg;common;;2025-09-11
Salamence ex;114;Journey Together;K100R1P0673;3.77;https://sklep839679.shoparena.pl/upload/images/4/img1759.jpg;common;;2025-09-11
Koraidon ex;125;Scarlet & Violet;K100R1P0674;3.15;https://sklep839679.shoparena.pl/upload/images/4/img1760.jpg;common;;2025-09-11
Kingdra ex;12;Shrouded Fable;K100R1P0675;3.30;https://sklep839679.shoparena.pl/upload/images/4/img1761.jpg;common;;2025-09-11
Cinccino;9;SWSH Black Star Promos;K100R1P0676;131.10;https://sklep839679.shoparena.pl/upload/images/4/img1762.jpg;common;;2025-09-11
Houndoom;90;SWSH Black Star Promos;K100R1P0677;70.25;https://sklep839679.shoparena.pl/upload/images/4/img1763.jpg;common;;2025-09-11
Staryu;118;Paldean Fates;K100R1P0678;21.71;https://sklep839679.shoparena.pl/upload/images/4/img1764.jpg;common;;2025-09-11
Terapagos ex;92;Prismatic Evolutions;K100R1P0679;3.09;https://sklep839679.shoparena.pl/upload/images/4/img1765.jpg;common;;2025-09-11
Galvantula ex;168;Stellar Crown;K100R1P0680;119.54;https://sklep839679.shoparena.pl/upload/images/4/img1766.jpg;common;;2025-09-11
Coalossal VMAX;189;Vivid Voltage;K100R1P0681;35.18;https://sklep839679.shoparena.pl/upload/images/4/img1767.jpg;common;;2025-09-11
Grimmsnarl ex;136;Destined Rivals;K100R1P0682;7.39;https://sklep839679.shoparena.pl/upload/images/4/img1768.jpg;common;;2025-09-11
Team Rocket's Moltres ex;31;Destined Rivals;K100R1P0683;4.20;https://sklep839679.shoparena.pl/upload/images/4/img1769.jpg;common;;2025-09-11
Golem ex;76;151;K100R1P0684;7.24;https://sklep839679.shoparena.pl/upload/images/4/img1770.jpg;common;;2025-09-11
Glaceon ex;26;Prismatic Evolutions;K100R1P0685;11.50;https://sklep839679.shoparena.pl/upload/images/4/img1771.jpg;common;;2025-09-11
Team Rocket's Mewtwo ex;81;Destined Rivals;K100R1P0686;7.65;https://sklep839679.shoparena.pl/upload/images/4/img1772.jpg;common;;2025-09-11
Regirock ex;101;Destined Rivals;K100R1P0687;3.04;https://sklep839679.shoparena.pl/upload/images/4/img1773.jpg;common;;2025-09-12
Mimikyu ex;69;Journey Together;K100R1P0688;3.67;https://sklep839679.shoparena.pl/upload/images/4/img1774.jpg;common;;2025-09-12
Yanmega ex;3;Destined Rivals;K100R1P0689;3.98;https://sklep839679.shoparena.pl/upload/images/4/img1775.jpg;common;;2025-09-12
Ampharos V;49;Vivid Voltage;K100R1P0690;6.61;https://sklep839679.shoparena.pl/upload/images/4/img1776.jpg;common;;2025-09-12
Ceruledge ex;36;Surging Sparks;K100R1P0691;8.18;https://sklep839679.shoparena.pl/upload/images/4/img1777.jpg;common;;2025-09-12
Scovillain ex;37;Surging Sparks;K100R1P0692;2.88;https://sklep839679.shoparena.pl/upload/images/4/img1778.jpg;common;;2025-09-12
Scovillain ex;37;Surging Sparks;K100R1P0693;2.88;https://sklep839679.shoparena.pl/upload/images/4/img1779.jpg;common;;2025-09-12
Enriching Energy;191;Surging Sparks;K100R1P0694;4.35;https://sklep839679.shoparena.pl/upload/images/4/img1780.jpg;common;;2025-09-12
Flamigo ex;160;Surging Sparks;K100R1P0695;2.46;https://sklep839679.shoparena.pl/upload/images/4/img1781.jpg;common;;2025-09-12
Cinderace ex;28;Stellar Crown;K100R1P0696;6.13;https://sklep839679.shoparena.pl/upload/images/4/img1782.jpg;common;;2025-09-12
Greninja ex;41;Stellar Crown;K100R1P0697;4.61;https://sklep839679.shoparena.pl/upload/images/4/img1783.jpg;common;;2025-09-12
Arcanine ex;32;Scarlet & Violet;K100R1P0698;5.24;https://sklep839679.shoparena.pl/upload/images/4/img1784.jpg;common;;2025-09-12
Melmetal ex;105;Stellar Crown;K100R1P0699;3.36;https://sklep839679.shoparena.pl/upload/images/4/img1785.jpg;common;;2025-09-12
Dachsbun ex;67;Stellar Crown;K100R1P0700;4.35;https://sklep839679.shoparena.pl/upload/images/4/img1786.jpg;common;;2025-09-12
Maximum Belt;117;Prismatic Evolutions;K100R1P0701;4.10;https://sklep839679.shoparena.pl/upload/images/4/img1787.jpg;common;;2025-09-12
Maximum Belt;117;Prismatic Evolutions;K100R1P0702;4.10;https://sklep839679.shoparena.pl/upload/images/4/img1788.jpg;common;;2025-09-12
Noivern ex;91;Prismatic Evolutions;K100R1P0703;3.67;https://sklep839679.shoparena.pl/upload/images/4/img1789.jpg;common;;2025-09-12
Volcanion EX;31;Journey Together;K100R1P0704;3.72;https://sklep839679.shoparena.pl/upload/images/4/img1790.jpg;common;;2025-09-12
Iono's Bellibolt ex;53;Journey Together;K100R1P0705;3.51;https://sklep839679.shoparena.pl/upload/images/4/img1791.jpg;common;;2025-09-12
Treasure Tracker;131;Prismatic Evolutions;K100R1P0706;2.10;https://sklep839679.shoparena.pl/upload/images/4/img1792.jpg;common;;2025-09-12
Imakuni?'s Doduo;112;Evolutions;K100R2P0000;13.64;https://sklep839679.shoparena.pl/upload/images/5/img1873.jpg;common;;2025-09-16
Exeggutor;109;Evolutions;K100R2P0001;14.50;https://sklep839679.shoparena.pl/upload/images/5/img1874.jpg;common;;2025-09-16
Chesnaught;11;BREAKthrough;K100R2P0002;26.12;https://sklep839679.shoparena.pl/upload/images/5/img1875.jpg;reverse;;2025-09-16
Snorlax;58;Generations;K100R2P0003;24.56;https://sklep839679.shoparena.pl/upload/images/5/img1876.jpg;reverse;;2025-09-16
Froslass;8;Generations;K100R2P0004;6.79;https://sklep839679.shoparena.pl/upload/images/5/img1877.jpg;holo;;2025-09-16
Baltoy;32;Ancient Origins;K100R2P0005;6.55;https://sklep839679.shoparena.pl/upload/images/5/img1878.jpg;common;;2025-09-16
Chespin;8;BREAKthrough;K100R2P0006;6.05;https://sklep839679.shoparena.pl/upload/images/5/img1879.jpg;reverse;;2025-09-16
Froakie;38;BREAKpoint;K100R2P0007;2.60;https://sklep839679.shoparena.pl/upload/images/5/img1880.jpg;reverse;;2025-09-16
Dragalge;86;BREAKpoint;K100R2P0008;6.50;https://sklep839679.shoparena.pl/upload/images/5/img1881.jpg;reverse;;2025-09-16
Bunnelby;121;Primal Clash;K100R2P0009;12.50;https://sklep839679.shoparena.pl/upload/images/5/img1882.jpg;common;;2025-09-16
Gorebyss;52;Primal Clash;K100R2P0010;13.10;https://sklep839679.shoparena.pl/upload/images/5/img1883.jpg;common;;2025-09-16
Pikachu;153;SWSH Black Star Promos;K100R2P0011;52.25;https://sklep839679.shoparena.pl/upload/images/5/img1884.jpg;holo;;2025-09-16
Serperior ex;3;Black Bolt;K100R2P0012;2.10;https://sklep839679.shoparena.pl/upload/images/5/img1885.jpg;common;;2025-09-16
Keldeo E;30;White Flare;K100R2P0013;2.10;https://sklep839679.shoparena.pl/upload/images/5/img1886.jpg;common;;2025-09-16
Jellicent ex;45;White Flare;K100R2P0014;3.81;https://sklep839679.shoparena.pl/upload/images/5/img1887.jpg;common;;2025-09-16
Watchog;73;White Flare;K100R2P0015;2.60;https://sklep839679.shoparena.pl/upload/images/5/img1888.jpg;common;;2025-09-16
Victini;12;Black & White;K100R2P0016;1.15;https://sklep839679.shoparena.pl/upload/images/5/img1889.jpg;common;;2025-09-16
Reuniclus;212;SVP Black Star Promos;K100R2P0017;6.10;https://sklep839679.shoparena.pl/upload/images/5/img1890.jpg;common;;2025-09-16
Gothitelle;211;SVP Black Star Promos;K100R2P0018;7.80;https://sklep839679.shoparena.pl/upload/images/5/img1891.jpg;common;;2025-09-16
Munna;116;Black Bolt;K100R2P0019;35.53;https://sklep839679.shoparena.pl/upload/images/5/img1892.jpg;common;;2025-09-16
Victini;208;SVP Black Star Promos;K100R2P0020;57.45;https://sklep839679.shoparena.pl/upload/images/5/img1893.jpg;common;;2025-09-16
Scraggy;138;White Flare;K100R2P0021;37.35;https://sklep839679.shoparena.pl/upload/images/5/img1894.jpg;common;;2025-09-16
Yanmega EX;206;Destined Rivals;K100R2P0022;14.89;https://sklep839679.shoparena.pl/upload/images/5/img1895.jpg;common;;2025-09-16
Blaziken;192;Destined Rivals;K100R2P0023;61.65;https://sklep839679.shoparena.pl/upload/images/5/img1896.jpg;common;;2025-09-16
Survival Brace;164;Twilight Masquerade;K100R2P0024;2.77;https://sklep839679.shoparena.pl/upload/images/5/img1897.jpg;common;;2025-09-16
Survival Brace;164;Twilight Masquerade;K100R2P0025;2.77;https://sklep839679.shoparena.pl/upload/images/5/img1898.jpg;common;;2025-09-16
Survival Brace;164;Twilight Masquerade;K100R2P0026;2.77;https://sklep839679.shoparena.pl/upload/images/5/img1899.jpg;common;;2025-09-16
Scoop Up Cyclone;162;Twilight Masquerade;K100R2P0027;2.56;https://sklep839679.shoparena.pl/upload/images/5/img1900.jpg;common;;2025-09-16
Legacy Energy;167;Twilight Masquerade;K100R2P0028;5.12;https://sklep839679.shoparena.pl/upload/images/5/img1901.jpg;common;;2025-09-16
Alakazam ex;50;SVP Black Star Promos;K100R2P0029;4.20;https://sklep839679.shoparena.pl/upload/images/5/img1902.jpg;common;;2025-09-16
Dialga ex;180;SVP Black Star Promos;K100R2P0030;4.95;https://sklep839679.shoparena.pl/upload/images/5/img1903.jpg;common;;2025-09-16
Prime Catcher;157;Temporal Forces;K100R2P0031;7.85;https://sklep839679.shoparena.pl/upload/images/5/img1904.jpg;common;;2025-09-16
Prime Catcher;157;Temporal Forces;K100R2P0032;7.85;https://sklep839679.shoparena.pl/upload/images/5/img1905.jpg;common;;2025-09-16
Reboot Pod;158;Temporal Forces;K100R2P0033;2.61;https://sklep839679.shoparena.pl/upload/images/5/img1906.jpg;common;;2025-09-16
Maximum Belt;154;Temporal Forces;K100R2P0034;5.75;https://sklep839679.shoparena.pl/upload/images/5/img1907.jpg;common;;2025-09-16
Hero's Cape;152;Temporal Forces;K100R2P0035;18.80;https://sklep839679.shoparena.pl/upload/images/5/img1908.jpg;common;;2025-09-16
Reboot Pod;158;Temporal Forces;K100R2P0033;2.61;https://sklep839679.shoparena.pl/upload/images/5/img1909.jpg;common;;2025-09-16
Prime Catcher;157;Temporal Forces;K100R2P0034;7.85;https://sklep839679.shoparena.pl/upload/images/5/img1910.jpg;common;;2025-09-16
Hero's Cape;152;Temporal Forces;K100R2P0035;19.55;https://sklep839679.shoparena.pl/upload/images/5/img1911.jpg;common;;2025-09-16
Raging Bolt ex;123;Temporal Forces;K100R2P0036;17.04;https://sklep839679.shoparena.pl/upload/images/5/img1912.jpg;common;;2025-09-16
Gouging Fire ex;38;Temporal Forces;K100R2P0037;4.45;https://sklep839679.shoparena.pl/upload/images/5/img1913.jpg;common;;2025-09-16
Scovillain ex;22;Temporal Forces;K100R2P0038;3.65;https://sklep839679.shoparena.pl/upload/images/5/img1914.jpg;common;;2025-09-16
Dudunsparce ex;121;Journey Together;K100R2P0039;3.50;https://sklep839679.shoparena.pl/upload/images/5/img1915.jpg;common;;2025-09-16
Salamence EX;114;Journey Together;K100R2P0040;3.71;https://sklep839679.shoparena.pl/upload/images/5/img1916.jpg;common;;2025-09-16
Cetitan ex;65;Destined Rivals;K100R2P0041;2.88;https://sklep839679.shoparena.pl/upload/images/5/img1917.jpg;common;;2025-09-16
Gardevoir ex;29;Paldean Fates;K100R2P0042;5.12;https://sklep839679.shoparena.pl/upload/images/5/img1918.jpg;common;;2025-09-16
Dondozo ex;66;Destined Rivals;K100R2P0043;2.35;https://sklep839679.shoparena.pl/upload/images/5/img1919.jpg;common;;2025-09-16
Blastoise ex;9;151;K100R2P0044;9.51;https://sklep839679.shoparena.pl/upload/images/5/img1920.jpg;common;;2025-09-16
Blastoise ex;9;151;K100R2P0045;9.51;https://sklep839679.shoparena.pl/upload/images/5/img1921.jpg;common;;2025-09-16
Team Rocket's Persian ex;150;Destined Rivals;K100R2P0046;4.44;https://sklep839679.shoparena.pl/upload/images/5/img1922.jpg;common;;2025-09-16
Arceus V;122;Brilliant Stars;K100R2P0047;6.10;https://sklep839679.shoparena.pl/upload/images/5/img1923.jpg;common;;2025-09-16
Flying Pikachu V;6;Celebrations;K100R2P0048;10.50;https://sklep839679.shoparena.pl/upload/images/5/img1924.jpg;common;;2025-09-16
Enamorus V;82;Lost Origin;K100R2P0049;3.90;https://sklep839679.shoparena.pl/upload/images/5/img1925.jpg;common;;2025-09-16
Luxray ex;68;Twilight Masquerade;K100R2P0050;3.04;https://sklep839679.shoparena.pl/upload/images/5/img1926.jpg;common;;2025-09-16
Team Rocket's Moltres ex;31;Destined Rivals;K100R2P0051;4.20;https://sklep839679.shoparena.pl/upload/images/5/img1927.jpg;common;;2025-09-16
Team Rocket's Moltres ex;31;Destined Rivals;K100R2P0052;4.20;https://sklep839679.shoparena.pl/upload/images/5/img1928.jpg;common;;2025-09-16
Dondozo ex;66;Destined Rivals;K100R2P0053;2.35;https://sklep839679.shoparena.pl/upload/images/5/img1929.jpg;common;;2025-09-16
Ethan's Ho-Oh ex;39;Destined Rivals;K100R2P0054;6.10;https://sklep839679.shoparena.pl/upload/images/5/img1930.jpg;common;;2025-09-16
Giacomo;138;Prismatic Evolutions;K100R2P0055;4.71;https://sklep839679.shoparena.pl/upload/images/5/img1931.jpg;common;;2025-09-16
Prime Catcher;119;Prismatic Evolutions;K100R2P0056;5.50;https://sklep839679.shoparena.pl/upload/images/5/img1932.jpg;common;;2025-09-16
Iron Thorns ex;32;Prismatic Evolutions;K100R2P0057;4.20;https://sklep839679.shoparena.pl/upload/images/5/img1933.jpg;common;;2025-09-16
Terapagos ex;92;Prismatic Evolutions;K100R2P0058;6.30;https://sklep839679.shoparena.pl/upload/images/5/img1934.jpg;common;;2025-09-16
Treasure Tracker;131;Prismatic Evolutions;K100R2P0059;2.10;https://sklep839679.shoparena.pl/upload/images/5/img1935.jpg;common;;2025-09-16
Mewtwo VSTAR;31;Pok√©mon GO;K100R2P0060;16.20;https://sklep839679.shoparena.pl/upload/images/5/img1936.jpg;common;;2025-09-16
Rayquaza V;110;Evolving Skies;K100R2P0061;8.80;https://sklep839679.shoparena.pl/upload/images/5/img1937.jpg;common;;2025-09-16
Hisuian Goodra V;135;Lost Origin;K100R2P0062;3.66;https://sklep839679.shoparena.pl/upload/images/5/img1938.jpg;common;;2025-09-16
Surfing Pikachu V;8;Celebrations;K100R2P0063;9.51;https://sklep839679.shoparena.pl/upload/images/5/img1939.jpg;common;;2025-09-16
Flutter Mane;43;Prismatic Evolutions;K100R2P0064;2.60;https://sklep839679.shoparena.pl/upload/images/5/img1940.jpg;common;;2025-09-16
Dunsparce;79;Prismatic Evolutions;K100R2P0065;2.10;https://sklep839679.shoparena.pl/upload/images/5/img1941.jpg;common;;2025-09-16
Goldeen;20;Prismatic Evolutions;K100R2P0066;10.50;https://sklep839679.shoparena.pl/upload/images/5/img1942.jpg;common;;2025-09-16
Rescue Board;126;Prismatic Evolutions;K100R2P0067;2.35;https://sklep839679.shoparena.pl/upload/images/5/img1943.jpg;common;;2025-09-16
Jolteon;29;Prismatic Evolutions;K100R2P0068;8.35;https://sklep839679.shoparena.pl/upload/images/5/img1944.jpg;common;;2025-09-16
Drakloak;72;Prismatic Evolutions;K100R2P0069;5.20;https://sklep839679.shoparena.pl/upload/images/5/img1945.jpg;common;;2025-09-16
Black Belt's Training;98;Prismatic Evolutions;K100R2P0070;2.10;https://sklep839679.shoparena.pl/upload/images/5/img1946.jpg;common;;2025-09-16
Black Belt's Training;99;Prismatic Evolutions;K100R2P0071;2.10;https://sklep839679.shoparena.pl/upload/images/5/img1947.jpg;common;;2025-09-16
Heatran;68;Prismatic Evolutions;K100R2P0072;3.15;https://sklep839679.shoparena.pl/upload/images/5/img1948.jpg;common;;2025-09-16
Roaring Moon;65;Prismatic Evolutions;K100R2P0073;2.60;https://sklep839679.shoparena.pl/upload/images/5/img1949.jpg;common;;2025-09-16
Budew;4;Prismatic Evolutions;K100R2P0074;33.95;https://sklep839679.shoparena.pl/upload/images/5/img1950.jpg;common;;2025-09-16
Noctowl;78;Prismatic Evolutions;K100R2P0075;3.40;https://sklep839679.shoparena.pl/upload/images/5/img1951.jpg;common;;2025-09-16
Sneasel;61;Prismatic Evolutions;K100R2P0076;1.50;https://sklep839679.shoparena.pl/upload/images/5/img1952.jpg;common;;2025-09-16
Umbreon;59;Prismatic Evolutions;K100R2P0077;17.70;https://sklep839679.shoparena.pl/upload/images/5/img1953.jpg;common;;2025-09-16
Great Tusk;55;Prismatic Evolutions;K100R2P0078;2.10;https://sklep839679.shoparena.pl/upload/images/5/img1954.jpg;common;;2025-09-16
Bloodmoon Ursaluna;54;Prismatic Evolutions;K100R2P0079;2.10;https://sklep839679.shoparena.pl/upload/images/5/img1955.jpg;common;;2025-09-16
Hippowdon;53;Prismatic Evolutions;K100R2P0080;2.10;https://sklep839679.shoparena.pl/upload/images/5/img1956.jpg;common;;2025-09-16
Bug Catching Set;102;Prismatic Evolutions;K100R2P0081;2.35;https://sklep839679.shoparena.pl/upload/images/5/img1957.jpg;common;;2025-09-16
Litleo;15;Prismatic Evolutions;K100R2P0082;1.15;https://sklep839679.shoparena.pl/upload/images/5/img1958.jpg;common;;2025-09-16
Professor's Research;123;Prismatic Evolutions;K100R2P0083;2.60;https://sklep839679.shoparena.pl/upload/images/5/img1959.jpg;common;;2025-09-16
Munkidori;44;Prismatic Evolutions;K100R2P0084;6.80;https://sklep839679.shoparena.pl/upload/images/5/img1960.jpg;common;;2025-09-16
Furfrou;88;Prismatic Evolutions;K100R2P0085;1.50;https://sklep839679.shoparena.pl/upload/images/5/img1961.jpg;common;;2025-09-16
Professor's Research;124;Prismatic Evolutions;K100R2P0086;2.10;https://sklep839679.shoparena.pl/upload/images/5/img1962.jpg;common;;2025-09-16
Techno Radar;130;Prismatic Evolutions;K100R2P0087;1.50;https://sklep839679.shoparena.pl/upload/images/5/img1963.jpg;common;;2025-09-16
Riolu;50;Prismatic Evolutions;K100R2P0088;3.50;https://sklep839679.shoparena.pl/upload/images/5/img1964.jpg;common;;2025-09-16
Professor's Research;122;Prismatic Evolutions;K100R2P0089;2.60;https://sklep839679.shoparena.pl/upload/images/5/img1965.jpg;common;;2025-09-16
Haban Berry;111;Prismatic Evolutions;K100R2P0090;2.10;https://sklep839679.shoparena.pl/upload/images/5/img1966.jpg;common;;2025-09-16
Binding Mochi;95;Prismatic Evolutions;K100R2P0091;1.50;https://sklep839679.shoparena.pl/upload/images/5/img1967.jpg;common;;2025-09-16
Regigigas;86;Prismatic Evolutions;K100R2P0092;2.10;https://sklep839679.shoparena.pl/upload/images/5/img1968.jpg;common;;2025-09-16
Haban Berry;111;Prismatic Evolutions;K100R2P0090;2.10;https://sklep839679.shoparena.pl/upload/images/5/img1969.jpg;common;;2025-09-16
Professor's Research;124;Prismatic Evolutions;K100R2P0086;2.10;https://sklep839679.shoparena.pl/upload/images/5/img1970.jpg;common;;2025-09-16
Shaymin;87;Prismatic Evolutions;K100R2P0093;2.10;https://sklep839679.shoparena.pl/upload/images/5/img1971.jpg;common;;2025-09-16
Shaymin;87;Prismatic Evolutions;K100R2P0093;2.10;https://sklep839679.shoparena.pl/upload/images/5/img1972.jpg;common;;2025-09-16
Applin;9;Prismatic Evolutions;K100R2P0094;2.10;https://sklep839679.shoparena.pl/upload/images/6/img1973.jpg;common;;2025-09-22
Professor's Research;122;Prismatic Evolutions;K100R2P0095;2.60;https://sklep839679.shoparena.pl/upload/images/6/img1974.jpg;common;;2025-09-22
Ciphermaniac‚Äôs Codebreaking;104;Prismatic Evolutions;K100R2P0096;1.80;https://sklep839679.shoparena.pl/upload/images/6/img1975.jpg;common;;2025-09-22
Slowking;19;Prismatic Evolutions;K100R2P0097;1.80;https://sklep839679.shoparena.pl/upload/images/6/img1976.jpg;common;;2025-09-22
Goldeen;20;Prismatic Evolutions;K100R2P0098;2.10;https://sklep839679.shoparena.pl/upload/images/6/img1977.jpg;common;;2025-09-22
Fan Rotom;85;Prismatic Evolutions;K100R2P0099;3.65;https://sklep839679.shoparena.pl/upload/images/6/img1978.jpg;common;;2025-09-22
Dunsparce;79;Prismatic Evolutions;K100R2P0100;1.50;https://sklep839679.shoparena.pl/upload/images/6/img1979.jpg;common;;2025-09-22
Bug Catching Set;102;Prismatic Evolutions;K100R2P0101;2.35;https://sklep839679.shoparena.pl/upload/images/6/img1980.jpg;common;;2025-09-22
Goldeen;20;Prismatic Evolutions;K100R2P0102;2.10;https://sklep839679.shoparena.pl/upload/images/6/img1981.jpg;common;;2025-09-22
Shaymin;87;Prismatic Evolutions;K100R2P0103;2.10;https://sklep839679.shoparena.pl/upload/images/6/img1982.jpg;common;;2025-09-22
Dreepy;71;Prismatic Evolutions;K100R2P0104;5.20;https://sklep839679.shoparena.pl/upload/images/6/img1983.jpg;common;;2025-09-22
Flutter Mane;43;Prismatic Evolutions;K100R2P0105;2.60;https://sklep839679.shoparena.pl/upload/images/6/img1984.jpg;common;;2025-09-22
Binding Mochi;95;Prismatic Evolutions;K100R2P0106;1.50;https://sklep839679.shoparena.pl/upload/images/6/img1985.jpg;common;;2025-09-22
Pyroar;16;Prismatic Evolutions;K100R2P0107;2.10;https://sklep839679.shoparena.pl/upload/images/6/img1986.jpg;common;;2025-09-22
Haban Berry;111;Prismatic Evolutions;K100R2P0108;2.10;https://sklep839679.shoparena.pl/upload/images/6/img1987.jpg;common;;2025-09-22
Jolteon;29;Prismatic Evolutions;K100R2P0109;8.35;https://sklep839679.shoparena.pl/upload/images/6/img1988.jpg;common;;2025-09-22
Budew;4;Prismatic Evolutions;K100R2P0110;5.20;https://sklep839679.shoparena.pl/upload/images/6/img1989.jpg;common;;2025-09-22
Briar;100;Prismatic Evolutions;K100R2P0111;2.10;https://sklep839679.shoparena.pl/upload/images/6/img1990.jpg;common;;2025-09-22
Flareon;13;Prismatic Evolutions;K100R2P0112;7.10;https://sklep839679.shoparena.pl/upload/images/6/img1991.jpg;common;;2025-09-22
Exeggcute;1;Prismatic Evolutions;K100R2P0113;2.10;https://sklep839679.shoparena.pl/upload/images/6/img1992.jpg;common;;2025-09-22
Techno Radar;130;Prismatic Evolutions;K100R2P0114;1.50;https://sklep839679.shoparena.pl/upload/images/6/img1993.jpg;common;;2025-09-22
Roto-Stick;127;Prismatic Evolutions;K100R2P0115;1.30;https://sklep839679.shoparena.pl/upload/images/6/img1994.jpg;common;;2025-09-22
Roto-Stick;127;Prismatic Evolutions;K100R2P0115;1.30;https://sklep839679.shoparena.pl/upload/images/6/img1995.jpg;common;;2025-09-22
Rescue Board;126;Prismatic Evolutions;K100R2P0116;2.35;https://sklep839679.shoparena.pl/upload/images/6/img1996.jpg;common;;2025-09-22
Professor's Research;124;Prismatic Evolutions;K100R2P0117;2.10;https://sklep839679.shoparena.pl/upload/images/6/img1997.jpg;common;;2025-09-22
Professor's Research;123;Prismatic Evolutions;K100R2P0118;2.60;https://sklep839679.shoparena.pl/upload/images/6/img1998.jpg;common;;2025-09-22
Professor's Research;122;Prismatic Evolutions;K100R2P0119;2.60;https://sklep839679.shoparena.pl/upload/images/6/img1999.jpg;common;;2025-09-22
Professor Turo's Scenario;121;Prismatic Evolutions;K100R2P0120;1.50;https://sklep839679.shoparena.pl/upload/images/6/img2000.jpg;common;;2025-09-22
Archaludon;70;Prismatic Evolutions;K100R2P0121;1.50;https://sklep839679.shoparena.pl/upload/images/6/img2001.jpg;common;;2025-09-22
Professor Sada's Vitality;120;Prismatic Evolutions;K100R2P0122;2.30;https://sklep839679.shoparena.pl/upload/images/6/img2002.jpg;common;;2025-09-22
Hawlucha;89;Prismatic Evolutions;K100R2P0123;2.10;https://sklep839679.shoparena.pl/upload/images/6/img2003.jpg;common;;2025-09-22
Ogre‚Äôs Mask;118;Prismatic Evolutions;K100R2P0124;1.30;https://sklep839679.shoparena.pl/upload/images/6/img2004.jpg;common;;2025-09-22
Lacey;114;Prismatic Evolutions;K100R2P0125;1.50;https://sklep839679.shoparena.pl/upload/images/6/img2005.jpg;common;;2025-09-22
Haban Berry;111;Prismatic Evolutions;K100R2P0126;2.10;https://sklep839679.shoparena.pl/upload/images/6/img2006.jpg;common;;2025-09-22
Friends in Paldea;109;Prismatic Evolutions;K100R2P0127;1.50;https://sklep839679.shoparena.pl/upload/images/6/img2007.jpg;common;;2025-09-22
Festival Grounds;108;Prismatic Evolutions;K100R2P0128;1.05;https://sklep839679.shoparena.pl/upload/images/6/img2008.jpg;common;;2025-09-22
Earthen Vessel;106;Prismatic Evolutions;K100R2P0129;5.25;https://sklep839679.shoparena.pl/upload/images/6/img2009.jpg;common;;2025-09-22
Noibat;90;Prismatic Evolutions;K100R2P0130;1.50;https://sklep839679.shoparena.pl/upload/images/6/img2010.jpg;common;;2025-09-22
Eevee;74;Prismatic Evolutions;K100R2P0131;7.50;https://sklep839679.shoparena.pl/upload/images/6/img2011.jpg;common;;2025-09-22
Fezandipiti;45;Prismatic Evolutions;K100R2P0132;2.30;https://sklep839679.shoparena.pl/upload/images/6/img2012.jpg;common;;2025-09-22
Buneary;83;Prismatic Evolutions;K100R2P0133;11.10;https://sklep839679.shoparena.pl/upload/images/6/img2013.jpg;common;;2025-09-22
Fan Rotom;85;Prismatic Evolutions;K100R2P0134;24.50;https://sklep839679.shoparena.pl/upload/images/6/img2014.jpg;common;;2025-09-22
Roaring Moon;65;Prismatic Evolutions;K100R2P0135;53.50;https://sklep839679.shoparena.pl/upload/images/6/img2015.jpg;common;;2025-09-22
Heatran;68;Prismatic Evolutions;K100R2P0136;11.10;https://sklep839679.shoparena.pl/upload/images/6/img2016.jpg;common;;2025-09-22
Bronzor;66;Prismatic Evolutions;K100R2P0137;10.50;https://sklep839679.shoparena.pl/upload/images/6/img2017.jpg;common;;2025-09-22
Scream Tail;42;Prismatic Evolutions;K100R2P0138;43.10;https://sklep839679.shoparena.pl/upload/images/6/img2018.jpg;common;;2025-09-22
Suicune;24;Prismatic Evolutions;K100R2P0139;104.90;https://sklep839679.shoparena.pl/upload/images/6/img2019.jpg;common;;2025-09-22
Pyroar;16;Prismatic Evolutions;K100R2P0140;11.55;https://sklep839679.shoparena.pl/upload/images/6/img2020.jpg;common;;2025-09-22
Flutter Mane;43;Prismatic Evolutions;K100R2P0141;2.60;https://sklep839679.shoparena.pl/upload/images/6/img2021.jpg;common;;2025-09-22
Spritzee;38;Prismatic Evolutions;K100R2P0142;1.85;https://sklep839679.shoparena.pl/upload/images/6/img2022.jpg;common;;2025-09-22
Dusknoir;37;Prismatic Evolutions;K100R2P0143;4.20;https://sklep839679.shoparena.pl/upload/images/6/img2023.jpg;common;;2025-09-22
Duskull;35;Prismatic Evolutions;K100R2P0144;4.20;https://sklep839679.shoparena.pl/upload/images/6/img2024.jpg;common;;2025-09-22
Jolteon;29;Prismatic Evolutions;K100R2P0145;8.35;https://sklep839679.shoparena.pl/upload/images/6/img2025.jpg;common;;2025-09-22
Suicune;24;Prismatic Evolutions;K100R2P0146;2.10;https://sklep839679.shoparena.pl/upload/images/6/img2026.jpg;common;;2025-09-22
Cottonee;7;Prismatic Evolutions;K100R2P0147;1.50;https://sklep839679.shoparena.pl/upload/images/6/img2027.jpg;common;;2025-09-22
Budew;4;Prismatic Evolutions;K100R2P0148;5.20;https://sklep839679.shoparena.pl/upload/images/6/img2028.jpg;common;;2025-09-22
Pinsir;3;Prismatic Evolutions;K100R2P0149;1.85;https://sklep839679.shoparena.pl/upload/images/6/img2029.jpg;common;;2025-09-22
Exeggutor;2;Prismatic Evolutions;K100R2P0150;1.85;https://sklep839679.shoparena.pl/upload/images/6/img2030.jpg;common;;2025-09-22
Whimsicott;8;Prismatic Evolutions;K100R2P0151;1.85;https://sklep839679.shoparena.pl/upload/images/6/img2031.jpg;common;;2025-09-22
Riolu;50;Prismatic Evolutions;K100R2P0152;3.50;https://sklep839679.shoparena.pl/upload/images/6/img2032.jpg;common;;2025-09-22
Buddy-Buddy Poffin;101;Prismatic Evolutions;K100R2P0153;4.40;https://sklep839679.shoparena.pl/upload/images/6/img2033.jpg;common;;2025-09-22
Exeggcute;1;Prismatic Evolutions;K100R2P0154;2.10;https://sklep839679.shoparena.pl/upload/images/6/img2034.jpg;common;;2025-09-22
Exeggcute;1;Prismatic Evolutions;K100R2P0155;2.10;https://sklep839679.shoparena.pl/upload/images/6/img2035.jpg;common;;2025-09-22
Bug Catching Set;102;Prismatic Evolutions;K100R2P0156;2.35;https://sklep839679.shoparena.pl/upload/images/6/img2036.jpg;common;;2025-09-22
Eevee;74;Prismatic Evolutions;K100R2P0157;7.50;https://sklep839679.shoparena.pl/upload/images/6/img2037.jpg;common;;2025-09-22
Dreepy;71;Prismatic Evolutions;K100R2P0158;5.20;https://sklep839679.shoparena.pl/upload/images/6/img2038.jpg;common;;2025-09-22
Drakloak;72;Prismatic Evolutions;K100R2P0159;5.20;https://sklep839679.shoparena.pl/upload/images/6/img2039.jpg;common;;2025-09-22
Archaludon;70;Prismatic Evolutions;K100R2P0160;1.50;https://sklep839679.shoparena.pl/upload/images/6/img2040.jpg;common;;2025-09-22
Heatran;68;Prismatic Evolutions;K100R2P0161;3.15;https://sklep839679.shoparena.pl/upload/images/6/img2041.jpg;common;;2025-09-22
Duraludon;69;Prismatic Evolutions;K100R2P0162;2.35;https://sklep839679.shoparena.pl/upload/images/6/img2042.jpg;common;;2025-09-22
Bronzong;67;Prismatic Evolutions;K100R2P0163;1.50;https://sklep839679.shoparena.pl/upload/images/6/img2043.jpg;common;;2025-09-22
Bronzor;66;Prismatic Evolutions;K100R2P0164;1.50;https://sklep839679.shoparena.pl/upload/images/6/img2044.jpg;common;;2025-09-22
Roaring Moon;65;Prismatic Evolutions;K100R2P0165;2.60;https://sklep839679.shoparena.pl/upload/images/6/img2045.jpg;common;;2025-09-22
Houndoom;63;Prismatic Evolutions;K100R2P0166;2.50;https://sklep839679.shoparena.pl/upload/images/6/img2046.jpg;common;;2025-09-22
Briar;100;Prismatic Evolutions;K100R2P0167;2.10;https://sklep839679.shoparena.pl/upload/images/6/img2047.jpg;common;;2025-09-22
Black Belt's Training;99;Prismatic Evolutions;K100R2P0168;2.10;https://sklep839679.shoparena.pl/upload/images/6/img2048.jpg;common;;2025-09-22
Vaporeon;22;Prismatic Evolutions;K100R2P0169;6.80;https://sklep839679.shoparena.pl/upload/images/6/img2049.jpg;common;;2025-09-22
Goldeen;20;Prismatic Evolutions;K100R2P0170;2.10;https://sklep839679.shoparena.pl/upload/images/6/img2050.jpg;common;;2025-09-22
Slowking;19;Prismatic Evolutions;K100R2P0171;1.80;https://sklep839679.shoparena.pl/upload/images/6/img2051.jpg;common;;2025-09-22
Litleo;15;Prismatic Evolutions;K100R2P0172;1.15;https://sklep839679.shoparena.pl/upload/images/6/img2052.jpg;common;;2025-09-22
Slowpoke;18;Prismatic Evolutions;K100R2P0173;2.30;https://sklep839679.shoparena.pl/upload/images/6/img2053.jpg;common;;2025-09-22
Flareon;13;Prismatic Evolutions;K100R2P0174;7.10;https://sklep839679.shoparena.pl/upload/images/6/img2054.jpg;common;;2025-09-22
Pyroar;16;Prismatic Evolutions;K100R2P0175;2.10;https://sklep839679.shoparena.pl/upload/images/6/img2055.jpg;common;;2025-09-22
Fan Rotom;85;Prismatic Evolutions;K100R2P0176;3.65;https://sklep839679.shoparena.pl/upload/images/6/img2056.jpg;common;;2025-09-22
Litleo;15;Prismatic Evolutions;K100R2P0177;14.60;https://sklep839679.shoparena.pl/upload/images/6/img2057.jpg;common;;2025-09-22
Cottonee;7;Prismatic Evolutions;K100R2P0178;12.30;https://sklep839679.shoparena.pl/upload/images/6/img2058.jpg;common;;2025-09-22
Budew;4;Prismatic Evolutions;K100R2P0179;33.95;https://sklep839679.shoparena.pl/upload/images/6/img2059.jpg;common;;2025-09-22
Groudon;49;Prismatic Evolutions;K100R2P0180;0.1;https://sklep839679.shoparena.pl/upload/images/6/img2060.jpg;common;;2025-09-22
Larvitar;47;Prismatic Evolutions;K100R2P0181;2.35;https://sklep839679.shoparena.pl/upload/images/6/img2061.jpg;common;;2025-09-22
Fezandipiti;45;Prismatic Evolutions;K100R2P0182;2.30;https://sklep839679.shoparena.pl/upload/images/6/img2062.jpg;common;;2025-09-22
Munkidori;44;Prismatic Evolutions;K100R2P0183;6.80;https://sklep839679.shoparena.pl/upload/images/6/img2063.jpg;common;;2025-09-22
Lopunny;84;Prismatic Evolutions;K100R2P0184;2.35;https://sklep839679.shoparena.pl/upload/images/6/img2064.jpg;common;;2025-09-22
Buneary;83;Prismatic Evolutions;K100R2P0185;2.35;https://sklep839679.shoparena.pl/upload/images/6/img2065.jpg;common;;2025-09-22
Dunsparce;79;Prismatic Evolutions;K100R2P0186;2.10;https://sklep839679.shoparena.pl/upload/images/6/img2066.jpg;common;;2025-09-22
Dudunsparce;80;Prismatic Evolutions;K100R2P0187;2.35;https://sklep839679.shoparena.pl/upload/images/6/img2067.jpg;common;;2025-09-22
Hoothoot;77;Prismatic Evolutions;K100R2P0188;2.10;https://sklep839679.shoparena.pl/upload/images/6/img2068.jpg;common;;2025-09-22
Bloodmoon Ursaluna;54;Prismatic Evolutions;K100R2P0189;42.50;https://sklep839679.shoparena.pl/upload/images/6/img2069.jpg;common;;2025-09-22
Black Belt's Training;98;Prismatic Evolutions;K100R2P0190;2.10;https://sklep839679.shoparena.pl/upload/images/6/img2070.jpg;common;;2025-09-22
Black Belt's Training;97;Prismatic Evolutions;K100R2P0191;1.55;https://sklep839679.shoparena.pl/upload/images/6/img2071.jpg;common;;2025-09-22
Binding Mochi;95;Prismatic Evolutions;K100R2P0192;2.10;https://sklep839679.shoparena.pl/upload/images/6/img2072.jpg;common;;2025-09-22
Zeraora;57;Temporal Forces;K01R1P0121;0.16;https://sklep839679.shoparena.pl/upload/images/1/img2098.jpg;common;;2025-10-22
Zeraora;57;Temporal Forces;K01R1P0122;0.16;https://sklep839679.shoparena.pl/upload/images/1/img2098.jpg;common;;2025-10-22
Zeraora;57;Temporal Forces;K01R1P0123;0.16;https://sklep839679.shoparena.pl/upload/images/1/img2098.jpg;common;;2025-10-22
Applin;9;Prismatic Evolutions;K01R1P0124;0.16;https://sklep839679.shoparena.pl/upload/images/1/img2099.jpg;reverse;;2025-10-22
Zeraora;57;Temporal Forces;K01R1P0125;0.16;https://sklep839679.shoparena.pl/upload/images/1/img2098.jpg;common;;2025-10-22
Dwebble;11;Destined Rivals;K01R2P0126;0.37;https://sklep839679.shoparena.pl/upload/images/img2198.jpg;reverse;;2025-10-22
